airline,date_of_journey,source,destination,dep_time,arrival_time,duration,total_stops,additional_info,price
Multiple Carriers,2019-03-06,Delhi,Cochin,11:30:00,18:50:00,440,1.0,No Info,15135
Multiple Carriers,2019-05-09,Delhi,Cochin,15:00:00,01:30:00,630,1.0,No Info,15078
Multiple Carriers,2019-05-15,Delhi,Cochin,07:10:00,16:10:00,540,1.0,No Info,6513
Air India,2019-04-09,Banglore,Delhi,05:45:00,08:45:00,180,0.0,No Info,4441
Indigo,2019-05-09,Delhi,Cochin,18:35:00,01:30:00,415,1.0,No Info,8542
Air India,2019-04-09,Delhi,Cochin,05:10:00,08:00:00,170,0.0,No Info,4729
Jet Airways,2019-05-01,Kolkata,Banglore,09:35:00,23:35:00,840,1.0,No Info,13067
Jet Airways,2019-05-12,Kolkata,Banglore,08:25:00,08:15:00,1430,1.0,No Info,13941
Jet Airways,2019-06-03,Delhi,Cochin,20:55:00,12:35:00,940,1.0,No Info,14714
Air India,2019-06-15,Delhi,Cochin,05:00:00,07:40:00,1600,2.0,No Info,10231
Jet Airways,2019-03-06,Banglore,New Delhi,16:55:00,05:05:00,730,1.0,No Info,16736
Air India,2019-05-27,Delhi,Cochin,14:10:00,17:10:00,180,0.0,No Info,6934
Jet Airways,2019-06-09,Kolkata,Banglore,21:10:00,12:00:00,890,1.0,In-flight meal not included,10844
Air India,2019-03-03,Delhi,Cochin,17:20:00,09:25:00,965,1.0,No Info,16352
Air India,2019-05-09,Delhi,Cochin,20:15:00,19:15:00,1380,2.0,No Info,13591
Jet Airways,2019-04-01,Kolkata,Banglore,20:00:00,20:45:00,1485,1.0,In-flight meal not included,7064
Jet Airways,2019-05-12,Banglore,Delhi,11:10:00,14:05:00,175,0.0,No Info,7229
Air India,2019-04-24,Delhi,Cochin,14:10:00,17:10:00,180,0.0,No Info,6094
Multiple Carriers,2019-06-12,Delhi,Cochin,11:35:00,21:00:00,565,3.0,No Info,15629
Jet Airways,2019-05-24,Kolkata,Banglore,20:00:00,19:50:00,1430,1.0,In-flight meal not included,10844
Indigo,2019-06-01,Kolkata,Banglore,14:25:00,16:55:00,150,0.0,No Info,6064
Vistara,2019-05-18,Kolkata,Banglore,07:10:00,18:50:00,700,1.0,No Info,9345
Jet Airways,2019-05-18,Delhi,Cochin,20:00:00,04:25:00,505,2.0,In-flight meal not included,15318
Spicejet,2019-03-15,Banglore,New Delhi,10:20:00,18:15:00,475,1.0,No Info,10341
Indigo,2019-05-06,Banglore,Delhi,07:10:00,10:05:00,175,0.0,No Info,4823
Multiple Carriers,2019-03-06,Delhi,Cochin,04:45:00,18:50:00,845,1.0,No Info,13875
Jet Airways,2019-05-21,Kolkata,Banglore,14:05:00,10:05:00,1200,1.0,No Info,14388
Indigo,2019-06-15,Delhi,Cochin,07:35:00,16:10:00,515,1.0,No Info,6442
Air India,2019-06-01,Kolkata,Banglore,14:15:00,16:45:00,150,0.0,No Info,6245
Jet Airways,2019-06-09,Delhi,Cochin,09:00:00,19:00:00,600,1.0,In-flight meal not included,10262
Indigo,2019-06-09,Kolkata,Banglore,22:15:00,00:50:00,155,0.0,No Info,5224
Spicejet,2019-06-06,Kolkata,Banglore,17:10:00,19:40:00,150,0.0,No check-in baggage included,3841
Indigo,2019-06-27,Delhi,Cochin,08:35:00,16:10:00,455,1.0,No Info,6442
Vistara,2019-04-01,Kolkata,Banglore,20:20:00,23:25:00,1625,1.0,No Info,7927
Jet Airways,2019-06-01,Delhi,Cochin,09:00:00,19:00:00,600,1.0,No Info,14714
Air India,2019-06-09,Kolkata,Banglore,10:00:00,05:25:00,1165,2.0,No Info,12744
Indigo,2019-06-12,Delhi,Cochin,09:15:00,21:00:00,705,1.0,No Info,6838
Indigo,2019-05-09,Banglore,Delhi,10:10:00,13:00:00,170,0.0,No Info,3943
Jet Airways,2019-04-01,Kolkata,Banglore,10:20:00,17:35:00,435,1.0,In-flight meal not included,6077
Spicejet,2019-06-24,Chennai,Kolkata,17:45:00,20:05:00,140,0.0,No Info,3597
Air India,2019-06-01,Delhi,Cochin,10:00:00,19:15:00,555,1.0,No Info,9929
Spicejet,2019-05-27,Banglore,Delhi,21:10:00,00:05:00,175,0.0,No Info,3311
Indigo,2019-06-06,Banglore,Delhi,01:30:00,04:15:00,165,0.0,No Info,3943
Spicejet,2019-06-03,Kolkata,Banglore,17:10:00,19:40:00,150,0.0,No check-in baggage included,3841
Air India,2019-03-01,Banglore,New Delhi,08:50:00,23:25:00,875,2.0,1 Short layover,26743
Jet Airways,2019-04-01,Kolkata,Banglore,20:00:00,19:50:00,1430,1.0,No Info,12681
Multiple Carriers,2019-06-27,Delhi,Cochin,16:00:00,01:30:00,570,1.0,No Info,13377
Jet Airways,2019-04-18,Delhi,Cochin,11:00:00,14:15:00,195,0.0,In-flight meal not included,5443
Jet Airways,2019-03-24,Mumbai,Hyderabad,07:10:00,08:35:00,85,0.0,No Info,5678
Multiple Carriers,2019-05-21,Delhi,Cochin,10:00:00,21:00:00,660,1.0,No Info,7888
Indigo,2019-05-03,Banglore,Delhi,06:05:00,08:50:00,165,0.0,No Info,3943
Jet Airways,2019-06-06,Kolkata,Banglore,20:25:00,19:10:00,1365,1.0,No Info,14151
Spicejet,2019-05-24,Banglore,Delhi,05:55:00,08:35:00,160,0.0,No Info,3311
Spicejet,2019-04-01,Delhi,Cochin,08:45:00,13:15:00,270,1.0,No Info,4812
Air India,2019-05-15,Delhi,Cochin,05:00:00,07:40:00,1600,2.0,No Info,11281
Indigo,2019-06-06,Banglore,Delhi,20:00:00,22:50:00,170,0.0,No Info,4823
Indigo,2019-03-24,Kolkata,Banglore,15:20:00,17:55:00,155,0.0,No Info,6985
Jet Airways,2019-05-01,Kolkata,Banglore,16:30:00,22:35:00,365,1.0,No Info,14781
Spicejet,2019-03-21,Mumbai,Hyderabad,22:45:00,00:10:00,85,0.0,No Info,1759
Jet Airways,2019-03-21,Delhi,Cochin,02:15:00,04:25:00,1570,1.0,No Info,12719
Jet Airways,2019-06-12,Delhi,Cochin,19:30:00,12:35:00,1025,2.0,No Info,13014
Indigo,2019-06-09,Delhi,Cochin,07:35:00,16:10:00,515,1.0,No Info,6442
Spicejet,2019-06-12,Delhi,Cochin,08:45:00,13:15:00,270,1.0,No check-in baggage included,5158
Goair,2019-06-09,Delhi,Cochin,05:55:00,13:35:00,460,1.0,No Info,5199
Jet Airways,2019-03-18,Banglore,New Delhi,22:50:00,09:00:00,610,1.0,No Info,13555
Vistara,2019-06-09,Kolkata,Banglore,07:10:00,23:25:00,975,1.0,No Info,9345
Indigo,2019-06-21,Kolkata,Banglore,04:40:00,07:15:00,155,0.0,No Info,4804
Air India,2019-06-03,Kolkata,Banglore,14:15:00,16:45:00,150,0.0,No Info,5510
Multiple Carriers,2019-06-09,Delhi,Cochin,12:50:00,21:00:00,490,1.0,No Info,7005
Jet Airways,2019-05-12,Kolkata,Banglore,18:55:00,10:05:00,910,1.0,In-flight meal not included,9663
Jet Airways,2019-05-18,Delhi,Cochin,22:50:00,12:35:00,825,1.0,In-flight meal not included,12373
Air India,2019-06-09,Kolkata,Banglore,09:25:00,07:55:00,1350,1.0,No Info,8366
Jet Airways,2019-06-12,Delhi,Cochin,11:00:00,14:15:00,195,0.0,In-flight meal not included,7202
Goair,2019-04-18,Banglore,Delhi,07:45:00,10:40:00,175,0.0,No Info,5048
Indigo,2019-06-21,Mumbai,Hyderabad,19:05:00,20:35:00,90,0.0,No Info,4049
Indigo,2019-03-06,Delhi,Cochin,02:05:00,07:25:00,320,1.0,No Info,10851
Jet Airways,2019-03-15,Banglore,New Delhi,08:00:00,16:10:00,490,1.0,In-flight meal not included,9134
Jet Airways,2019-06-06,Kolkata,Banglore,14:05:00,20:45:00,400,1.0,No Info,14571
Indigo,2019-06-01,Delhi,Cochin,05:10:00,10:05:00,295,1.0,No Info,6842
Multiple Carriers,2019-05-15,Delhi,Cochin,09:00:00,19:00:00,600,1.0,No Info,10197
Jet Airways,2019-05-15,Banglore,Delhi,06:00:00,08:45:00,165,0.0,In-flight meal not included,4030
Air Asia,2019-04-24,Delhi,Cochin,07:55:00,22:25:00,870,1.0,No Info,6152
Jet Airways,2019-05-21,Kolkata,Banglore,18:55:00,08:15:00,800,1.0,No Info,14388
Jet Airways,2019-06-24,Delhi,Cochin,11:40:00,19:00:00,440,2.0,In-flight meal not included,15812
Jet Airways,2019-06-06,Delhi,Cochin,05:30:00,12:35:00,425,2.0,In-flight meal not included,13344
Multiple Carriers,2019-05-21,Delhi,Cochin,19:00:00,01:30:00,390,1.0,No Info,7485
Multiple Carriers,2019-06-27,Delhi,Cochin,17:50:00,01:30:00,460,2.0,No Info,18275
Indigo,2019-06-01,Banglore,Delhi,10:10:00,13:00:00,170,0.0,No Info,3943
Jet Airways,2019-03-27,Delhi,Cochin,17:30:00,04:25:00,655,1.0,In-flight meal not included,6540
Air India,2019-06-06,Delhi,Cochin,13:20:00,07:40:00,1100,2.0,No Info,12751
Multiple Carriers,2019-03-21,Delhi,Cochin,07:05:00,15:30:00,505,1.0,No Info,14486
Spicejet,2019-04-18,Kolkata,Banglore,09:00:00,11:25:00,145,0.0,No Info,4174
Air India,2019-03-09,Banglore,New Delhi,10:30:00,21:25:00,655,2.0,No Info,9586
Air India,2019-06-21,Delhi,Cochin,18:05:00,21:10:00,185,0.0,No Info,5411
Air India,2019-03-01,Banglore,New Delhi,05:50:00,22:45:00,1015,1.0,No Info,14069
Multiple Carriers,2019-06-01,Delhi,Cochin,07:05:00,21:00:00,835,1.0,In-flight meal not included,10406
Jet Airways,2019-06-24,Delhi,Cochin,10:00:00,12:35:00,1595,1.0,In-flight meal not included,10262
Jet Airways,2019-06-12,Delhi,Cochin,14:35:00,04:25:00,830,2.0,In-flight meal not included,10919
Indigo,2019-05-15,Banglore,Delhi,04:00:00,06:50:00,170,0.0,No Info,3943
Spicejet,2019-03-27,Mumbai,Hyderabad,22:45:00,00:10:00,85,0.0,No Info,1759
Jet Airways,2019-06-06,Delhi,Cochin,11:30:00,19:00:00,450,1.0,No Info,14714
Air India,2019-03-09,Delhi,Cochin,06:05:00,09:25:00,1640,1.0,No Info,10945
Jet Airways,2019-03-15,Banglore,New Delhi,21:25:00,05:05:00,460,1.0,No Info,27210
Jet Airways,2019-05-21,Delhi,Cochin,22:50:00,19:00:00,1210,1.0,No Info,16079
Indigo,2019-06-03,Delhi,Cochin,07:35:00,16:10:00,515,1.0,No Info,7514
Air India,2019-05-09,Kolkata,Banglore,09:25:00,18:30:00,545,1.0,No Info,8891
Jet Airways,2019-06-06,Delhi,Cochin,19:15:00,19:00:00,1425,1.0,No Info,14714
Multiple Carriers,2019-05-15,Delhi,Cochin,06:40:00,19:00:00,740,1.0,No Info,9315
Air India,2019-06-21,Mumbai,Hyderabad,06:20:00,07:40:00,80,0.0,No Info,3100
Jet Airways,2019-03-24,Kolkata,Banglore,06:30:00,16:20:00,590,1.0,In-flight meal not included,8824
Air Asia,2019-06-12,Delhi,Cochin,07:55:00,22:25:00,870,1.0,No Info,6152
Air India,2019-03-03,Banglore,New Delhi,10:00:00,12:45:00,165,0.0,No Info,11423
Air India,2019-05-21,Banglore,Delhi,17:00:00,19:50:00,170,0.0,No Info,6961
Jet Airways,2019-05-24,Kolkata,Banglore,06:30:00,09:20:00,1610,1.0,In-flight meal not included,9663
Vistara,2019-06-06,Kolkata,Banglore,17:00:00,20:20:00,1640,1.0,No Info,8820
Jet Airways,2019-05-12,Mumbai,Hyderabad,19:35:00,21:05:00,90,0.0,No Info,5678
Multiple Carriers,2019-06-15,Delhi,Cochin,04:55:00,19:00:00,845,1.0,No Info,10678
Multiple Carriers,2019-06-15,Delhi,Cochin,10:20:00,19:00:00,520,1.0,No Info,11789
Jet Airways,2019-06-01,Delhi,Cochin,15:00:00,12:35:00,1295,1.0,In-flight meal not included,10262
Jet Airways,2019-06-21,Banglore,Delhi,15:15:00,18:10:00,175,0.0,No Info,8016
Jet Airways,2019-06-09,Kolkata,Banglore,17:00:00,18:00:00,1500,1.0,No Info,14151
Indigo,2019-06-01,Delhi,Cochin,11:55:00,22:30:00,635,1.0,No Info,6674
Jet Airways,2019-03-06,Banglore,New Delhi,14:05:00,05:05:00,900,1.0,In-flight meal not included,13502
Air India,2019-04-24,Kolkata,Banglore,14:15:00,16:45:00,150,0.0,No Info,4880
Air India,2019-05-09,Delhi,Cochin,05:15:00,06:50:00,1535,1.0,No Info,6587
Air India,2019-05-24,Kolkata,Banglore,09:50:00,08:55:00,1385,2.0,No Info,15170
Jet Airways,2019-04-01,Banglore,Delhi,17:45:00,20:45:00,180,0.0,In-flight meal not included,4544
Jet Airways,2019-06-27,Delhi,Cochin,11:00:00,14:15:00,195,0.0,In-flight meal not included,7202
Indigo,2019-03-21,Chennai,Kolkata,05:15:00,07:35:00,140,0.0,No Info,4326
Jet Airways,2019-05-21,Delhi,Cochin,09:50:00,13:05:00,195,0.0,No Info,9564
Air India,2019-05-09,Delhi,Cochin,07:05:00,07:40:00,1475,2.0,No Info,13547
Jet Airways,2019-06-06,Kolkata,Banglore,09:35:00,18:00:00,505,1.0,In-flight meal not included,10539
Vistara,2019-03-03,Banglore,New Delhi,06:40:00,12:35:00,355,1.0,No Info,12476
Spicejet,2019-03-27,Kolkata,Banglore,06:55:00,09:35:00,160,0.0,No check-in baggage included,3815
Indigo,2019-04-09,Delhi,Cochin,06:40:00,21:00:00,860,1.0,No Info,6093
Jet Airways,2019-06-01,Banglore,Delhi,07:10:00,10:10:00,180,0.0,No Info,8016
Multiple Carriers,2019-03-03,Delhi,Cochin,07:05:00,21:20:00,855,2.0,No Info,8291
Indigo,2019-06-03,Banglore,Delhi,08:30:00,11:20:00,170,0.0,No Info,4823
Indigo,2019-03-27,Kolkata,Banglore,10:10:00,12:55:00,165,0.0,No Info,4148
Multiple Carriers,2019-03-03,Delhi,Cochin,08:00:00,15:30:00,450,1.0,No Info,15078
Indigo,2019-06-27,Kolkata,Banglore,11:30:00,14:05:00,155,0.0,No Info,4804
Jet Airways,2019-06-15,Delhi,Cochin,20:00:00,12:35:00,995,2.0,No Info,14300
Jet Airways,2019-06-12,Delhi,Cochin,19:30:00,04:25:00,535,2.0,No Info,13014
Jet Airways,2019-06-01,Delhi,Cochin,07:05:00,12:35:00,330,1.0,No Info,16079
Indigo,2019-03-21,Delhi,Cochin,07:35:00,16:10:00,515,1.0,No Info,6558
Jet Airways,2019-05-18,Kolkata,Banglore,09:35:00,21:05:00,690,1.0,No Info,14151
Indigo,2019-06-09,Kolkata,Banglore,08:10:00,13:00:00,290,1.0,No Info,5069
Air India,2019-03-21,Banglore,New Delhi,06:55:00,23:20:00,985,1.0,No Info,6987
Jet Airways,2019-03-03,Delhi,Cochin,21:50:00,18:50:00,1260,1.0,No Info,17024
Indigo,2019-06-12,Delhi,Cochin,07:30:00,21:00:00,810,1.0,No Info,6093
Indigo,2019-06-03,Delhi,Cochin,05:05:00,16:10:00,665,1.0,No Info,6818
Jet Airways,2019-03-09,Delhi,Cochin,18:15:00,18:50:00,1475,1.0,No Info,16289
Indigo,2019-06-27,Delhi,Cochin,07:30:00,21:00:00,810,1.0,No Info,6093
Jet Airways,2019-06-24,Banglore,Delhi,08:20:00,11:20:00,180,0.0,In-flight meal not included,5769
Spicejet,2019-05-03,Chennai,Kolkata,08:20:00,10:35:00,135,0.0,No Info,3597
Indigo,2019-04-03,Mumbai,Hyderabad,12:00:00,13:30:00,90,0.0,No Info,2754
Multiple Carriers,2019-06-01,Delhi,Cochin,12:50:00,19:15:00,385,1.0,No Info,9526
Spicejet,2019-04-06,Kolkata,Banglore,09:00:00,11:25:00,145,0.0,No check-in baggage included,3841
Spicejet,2019-03-18,Chennai,Kolkata,08:20:00,10:35:00,135,0.0,No Info,3859
Indigo,2019-06-27,Delhi,Cochin,10:35:00,01:30:00,895,1.0,No Info,5684
Jet Airways,2019-05-09,Delhi,Cochin,17:30:00,19:00:00,1530,1.0,No Info,15554
Air India,2019-03-06,Delhi,Cochin,20:30:00,23:00:00,1590,1.0,No Info,8854
Indigo,2019-03-21,Banglore,New Delhi,18:25:00,21:20:00,175,0.0,No Info,6144
Spicejet,2019-03-21,Banglore,New Delhi,09:35:00,12:30:00,175,0.0,No Info,4945
Indigo,2019-06-01,Kolkata,Banglore,17:15:00,19:50:00,155,0.0,No Info,5224
Jet Airways,2019-05-09,Delhi,Cochin,02:15:00,19:00:00,1005,1.0,No Info,15554
Indigo,2019-03-01,Banglore,New Delhi,16:15:00,20:35:00,260,1.0,No Info,7917
Air India,2019-04-01,Kolkata,Banglore,09:25:00,10:30:00,1505,2.0,No Info,12009
Multiple Carriers,2019-05-18,Delhi,Cochin,13:00:00,01:30:00,750,1.0,No Info,9385
Air India,2019-04-18,Delhi,Cochin,14:10:00,17:10:00,180,0.0,No Info,6094
Jet Airways,2019-04-01,Kolkata,Banglore,20:00:00,23:35:00,1655,1.0,No Info,12681
Jet Airways,2019-05-21,Kolkata,Banglore,20:00:00,09:20:00,800,1.0,No Info,14781
Vistara,2019-04-01,Kolkata,Banglore,20:20:00,09:05:00,765,1.0,No Info,7980
Jet Airways,2019-04-12,Banglore,Delhi,06:00:00,08:45:00,165,0.0,In-flight meal not included,5198
Air India,2019-05-18,Delhi,Cochin,05:10:00,08:00:00,170,0.0,No Info,6934
Vistara,2019-06-15,Banglore,Delhi,09:45:00,12:35:00,170,0.0,No Info,4878
Indigo,2019-06-21,Delhi,Cochin,14:25:00,17:40:00,195,0.0,No Info,5000
Jet Airways,2019-03-24,Kolkata,Banglore,21:10:00,08:10:00,660,1.0,No Info,14231
Jet Airways,2019-06-21,Mumbai,Hyderabad,19:35:00,21:05:00,90,0.0,In-flight meal not included,3210
Indigo,2019-04-01,Kolkata,Banglore,15:10:00,20:30:00,320,1.0,No Info,8567
Jet Airways,2019-06-06,Delhi,Cochin,10:00:00,04:25:00,1105,1.0,No Info,14714
Air India,2019-03-03,Delhi,Cochin,21:30:00,19:15:00,1305,2.0,No Info,12287
Jet Airways,2019-04-01,Kolkata,Banglore,20:25:00,22:05:00,1540,1.0,No Info,12121
Multiple Carriers,2019-05-09,Delhi,Cochin,06:00:00,21:00:00,900,1.0,No Info,7670
Indigo,2019-03-03,Delhi,Cochin,14:30:00,17:35:00,185,0.0,No Info,7673
Air India,2019-03-01,Banglore,New Delhi,05:50:00,12:15:00,1825,3.0,No Info,12346
Multiple Carriers,2019-03-06,Delhi,Cochin,09:10:00,18:50:00,580,1.0,No Info,15135
Jet Airways,2019-06-12,Kolkata,Banglore,08:25:00,04:40:00,1215,1.0,In-flight meal not included,6224
Spicejet,2019-05-01,Banglore,Delhi,09:30:00,12:20:00,170,0.0,No Info,4423
Goair,2019-05-15,Delhi,Cochin,07:00:00,12:55:00,355,1.0,No Info,7682
Jet Airways,2019-06-01,Delhi,Cochin,19:15:00,12:35:00,1040,1.0,In-flight meal not included,10262
Spicejet,2019-06-01,Chennai,Kolkata,17:45:00,20:05:00,140,0.0,No check-in baggage included,3543
Indigo,2019-04-03,Banglore,Delhi,10:10:00,13:00:00,170,0.0,No Info,3943
Indigo,2019-04-06,Banglore,Delhi,18:25:00,21:20:00,175,0.0,No Info,4823
Jet Airways,2019-05-03,Banglore,Delhi,08:20:00,11:20:00,180,0.0,No Info,7229
Air India,2019-05-12,Kolkata,Banglore,12:00:00,18:30:00,1830,2.0,No Info,10676
Indigo,2019-06-27,Banglore,Delhi,06:05:00,08:50:00,165,0.0,No Info,3943
Indigo,2019-04-01,Delhi,Cochin,07:35:00,12:10:00,275,1.0,No Info,5073
Spicejet,2019-06-03,Kolkata,Banglore,22:20:00,00:40:00,140,0.0,No Info,3873
Goair,2019-06-24,Kolkata,Banglore,15:20:00,17:55:00,155,0.0,No Info,3514
Jet Airways,2019-03-06,Delhi,Cochin,22:20:00,04:25:00,365,1.0,In-flight meal not included,12583
Jet Airways,2019-04-03,Banglore,Delhi,18:55:00,22:00:00,185,0.0,No Info,7229
Jet Airways,2019-04-27,Banglore,Delhi,06:00:00,08:45:00,165,0.0,In-flight meal not included,4544
Air India,2019-04-01,Kolkata,Banglore,05:50:00,13:15:00,445,2.0,No Info,5562
Multiple Carriers,2019-06-27,Delhi,Cochin,09:15:00,19:00:00,585,1.0,No Info,11622
Jet Airways,2019-05-24,Kolkata,Banglore,14:05:00,18:15:00,1690,1.0,In-flight meal not included,10844
Multiple Carriers,2019-03-06,Delhi,Cochin,10:20:00,19:15:00,535,1.0,No Info,15353
Vistara,2019-04-15,Banglore,Delhi,21:00:00,23:50:00,170,0.0,No Info,5403
Multiple Carriers,2019-05-18,Delhi,Cochin,12:50:00,21:00:00,490,1.0,No Info,7670
Jet Airways,2019-05-24,Kolkata,Banglore,16:30:00,22:35:00,365,1.0,No Info,14571
Indigo,2019-03-06,Delhi,Cochin,07:35:00,16:10:00,515,1.0,No Info,7094
Indigo,2019-06-18,Banglore,Delhi,01:30:00,04:15:00,165,0.0,No Info,3419
Air Asia,2019-06-15,Kolkata,Banglore,10:20:00,12:55:00,155,0.0,No Info,4409
Air India,2019-04-01,Kolkata,Banglore,09:50:00,23:15:00,805,2.0,No Info,12125
Indigo,2019-05-09,Kolkata,Banglore,07:10:00,12:40:00,330,1.0,No Info,4864
Indigo,2019-05-27,Banglore,Delhi,00:30:00,03:25:00,175,0.0,No Info,3419
Spicejet,2019-05-03,Kolkata,Banglore,09:00:00,11:25:00,145,0.0,No Info,3873
Indigo,2019-06-01,Banglore,Delhi,20:00:00,22:50:00,170,0.0,No Info,4823
Vistara,2019-04-24,Banglore,Delhi,11:30:00,14:20:00,170,0.0,No Info,5403
Air India,2019-03-06,Delhi,Cochin,14:10:00,17:10:00,180,0.0,No Info,7931
Indigo,2019-03-24,Mumbai,Hyderabad,20:05:00,21:35:00,90,0.0,No Info,2227
Jet Airways,2019-06-06,Delhi,Cochin,20:55:00,19:00:00,1325,1.0,No Info,14714
Indigo,2019-04-24,Delhi,Cochin,05:05:00,16:10:00,665,1.0,No Info,6171
Air Asia,2019-06-24,Kolkata,Banglore,19:55:00,22:25:00,150,0.0,No Info,3807
Air India,2019-03-01,Banglore,New Delhi,11:05:00,09:15:00,1330,1.0,No Info,13439
Jet Airways,2019-03-09,Delhi,Cochin,00:20:00,04:25:00,1685,1.0,In-flight meal not included,11848
Jet Airways,2019-03-06,Delhi,Cochin,05:30:00,19:45:00,2295,2.0,In-flight meal not included,15864
Jet Airways,2019-03-15,Banglore,New Delhi,08:55:00,16:10:00,435,1.0,In-flight meal not included,9134
Indigo,2019-04-12,Kolkata,Banglore,11:30:00,14:05:00,155,0.0,No Info,4174
Vistara,2019-05-01,Kolkata,Banglore,07:10:00,22:40:00,930,1.0,No Info,8452
Air Asia,2019-04-15,Banglore,Delhi,23:55:00,02:45:00,170,0.0,No Info,4483
Multiple Carriers,2019-05-09,Delhi,Cochin,10:35:00,19:00:00,505,1.0,No Info,9103
Spicejet,2019-05-03,Mumbai,Hyderabad,22:45:00,00:15:00,90,0.0,No Info,2227
Indigo,2019-06-01,Chennai,Kolkata,14:45:00,17:05:00,140,0.0,No Info,3597
Jet Airways,2019-06-24,Delhi,Cochin,09:35:00,04:25:00,1130,2.0,No Info,13292
Jet Airways,2019-05-18,Delhi,Cochin,20:55:00,12:35:00,940,1.0,In-flight meal not included,12373
Vistara,2019-03-24,Banglore,New Delhi,16:00:00,18:35:00,155,0.0,No Info,11913
Air India,2019-06-09,Mumbai,Hyderabad,21:05:00,22:25:00,80,0.0,No Info,3100
Multiple Carriers,2019-05-21,Delhi,Cochin,08:00:00,21:00:00,780,1.0,No Info,14277
Air India,2019-03-01,Banglore,New Delhi,17:00:00,23:10:00,370,1.0,No Info,11628
Indigo,2019-05-24,Delhi,Cochin,18:35:00,01:30:00,415,1.0,No Info,7503
Indigo,2019-06-21,Banglore,Delhi,22:10:00,01:00:00,170,0.0,No Info,3943
Jet Airways,2019-06-12,Delhi,Cochin,22:50:00,19:00:00,1210,1.0,In-flight meal not included,10262
Jet Airways,2019-03-24,Kolkata,Banglore,13:55:00,10:05:00,1210,1.0,No Info,14231
Air India,2019-05-06,Kolkata,Banglore,16:45:00,12:00:00,1155,2.0,No Info,14120
Air India,2019-06-21,Mumbai,Hyderabad,13:55:00,15:25:00,90,0.0,No Info,3100
Air India,2019-06-06,Kolkata,Banglore,12:00:00,21:50:00,590,2.0,No Info,9416
Indigo,2019-06-18,Kolkata,Banglore,15:15:00,17:45:00,150,0.0,No Info,4804
Jet Airways,2019-05-18,Kolkata,Banglore,16:30:00,04:40:00,730,1.0,No Info,13941
Jet Airways,2019-03-06,Banglore,New Delhi,22:50:00,21:20:00,1350,1.0,No Info,17471
Air India,2019-03-06,Delhi,Cochin,09:00:00,07:40:00,1360,1.0,No Info,14882
Goair,2019-03-24,Kolkata,Banglore,22:25:00,07:40:00,555,1.0,No Info,10091
Jet Airways,2019-05-18,Delhi,Cochin,02:15:00,19:00:00,1005,1.0,In-flight meal not included,12373
Indigo,2019-03-15,Banglore,New Delhi,20:00:00,22:55:00,175,0.0,No Info,8855
Indigo,2019-05-21,Banglore,Delhi,20:00:00,22:50:00,170,0.0,No Info,4823
Jet Airways,2019-06-01,Delhi,Cochin,18:15:00,12:35:00,1100,1.0,In-flight meal not included,10262
Jet Airways,2019-03-21,Delhi,Cochin,18:20:00,04:25:00,2045,2.0,No Info,13082
Jet Airways,2019-05-18,Delhi,Cochin,09:40:00,12:35:00,1615,2.0,No Info,15129
Multiple Carriers,2019-05-27,Delhi,Cochin,07:10:00,16:10:00,540,1.0,No Info,7878
Jet Airways,2019-03-24,Kolkata,Banglore,16:55:00,22:35:00,340,1.0,In-flight meal not included,11134
Air India,2019-03-03,Delhi,Cochin,07:05:00,19:15:00,2170,2.0,No Info,11762
Multiple Carriers,2019-03-27,Delhi,Cochin,13:00:00,21:00:00,480,1.0,No Info,6883
Multiple Carriers,2019-03-09,Delhi,Cochin,15:05:00,01:35:00,630,1.0,In-flight meal not included,14086
Jet Airways,2019-06-12,Kolkata,Banglore,18:55:00,10:05:00,910,1.0,In-flight meal not included,8529
Jet Airways,2019-05-15,Mumbai,Hyderabad,02:55:00,04:20:00,85,0.0,No Info,5678
Air India,2019-04-24,Banglore,Delhi,06:10:00,08:55:00,165,0.0,No Info,5228
Vistara,2019-04-21,Banglore,Delhi,09:45:00,12:35:00,170,0.0,No Info,5403
Jet Airways,2019-05-15,Banglore,Delhi,11:10:00,14:05:00,175,0.0,In-flight meal not included,4030
Jet Airways,2019-03-27,Delhi,Cochin,19:10:00,19:45:00,1475,2.0,In-flight meal not included,8834
Jet Airways,2019-06-12,Kolkata,Banglore,21:10:00,09:20:00,730,1.0,In-flight meal not included,8529
Jet Airways,2019-06-15,Delhi,Cochin,12:15:00,04:25:00,970,2.0,No Info,14300
Air Asia,2019-03-24,Kolkata,Banglore,22:50:00,01:20:00,150,0.0,No Info,5620
Spicejet,2019-05-18,Delhi,Cochin,06:05:00,11:20:00,315,1.0,No Info,6297
Air India,2019-05-18,Delhi,Cochin,05:00:00,07:40:00,1600,2.0,No Info,11228
Indigo,2019-05-18,Delhi,Cochin,06:50:00,22:30:00,940,1.0,No Info,7144
Jet Airways,2019-06-06,Delhi,Cochin,02:15:00,19:00:00,1005,1.0,No Info,14714
Multiple Carriers,2019-05-09,Delhi,Cochin,06:40:00,19:15:00,755,1.0,No Info,7787
Jet Airways,2019-03-24,Kolkata,Banglore,13:55:00,16:20:00,1585,1.0,In-flight meal not included,10031
Jet Airways,2019-06-27,Delhi,Cochin,11:45:00,12:35:00,1490,2.0,No Info,13882
Jet Airways,2019-05-18,Kolkata,Banglore,09:35:00,18:00:00,505,1.0,No Info,14151
Jet Airways,2019-03-21,Delhi,Cochin,18:20:00,18:50:00,1470,2.0,No Info,12604
Air India,2019-06-12,Kolkata,Banglore,12:00:00,07:55:00,1195,2.0,No Info,9416
Air India,2019-06-06,Kolkata,Banglore,16:50:00,07:55:00,905,1.0,No Info,8366
Jet Airways,2019-05-27,Delhi,Cochin,09:00:00,19:00:00,600,1.0,In-flight meal not included,10675
Multiple Carriers,2019-06-06,Delhi,Cochin,17:45:00,01:30:00,465,1.0,No Info,6795
Air India,2019-06-12,Delhi,Cochin,07:00:00,19:15:00,735,1.0,No Info,8669
Jet Airways,2019-05-21,Delhi,Cochin,07:05:00,19:00:00,715,1.0,In-flight meal not included,12239
Vistara,2019-05-06,Banglore,Delhi,11:30:00,14:20:00,170,0.0,No Info,4668
Jet Airways,2019-03-27,Delhi,Cochin,19:45:00,04:25:00,520,1.0,In-flight meal not included,6540
Jet Airways,2019-05-06,Delhi,Cochin,19:10:00,19:00:00,1430,2.0,No Info,15129
Multiple Carriers,2019-06-12,Delhi,Cochin,07:30:00,19:00:00,690,1.0,No Info,10877
Indigo,2019-04-24,Kolkata,Banglore,15:15:00,20:05:00,290,1.0,No Info,4565
Jet Airways,2019-03-12,Banglore,New Delhi,22:55:00,10:45:00,710,1.0,No Info,13817
Spicejet,2019-03-18,Mumbai,Hyderabad,22:45:00,00:10:00,85,0.0,No check-in baggage included,1965
Vistara,2019-05-09,Kolkata,Banglore,07:10:00,18:50:00,700,1.0,No Info,8610
Air India,2019-05-24,Kolkata,Banglore,16:50:00,07:55:00,905,1.0,No Info,8576
Jet Airways,2019-06-18,Banglore,Delhi,06:00:00,08:45:00,165,0.0,No Info,8016
Indigo,2019-06-09,Delhi,Cochin,02:00:00,07:45:00,345,1.0,No Info,6386
Air India,2019-05-15,Delhi,Cochin,14:10:00,17:10:00,180,0.0,No Info,6094
Jet Airways,2019-04-06,Delhi,Cochin,11:30:00,19:00:00,450,1.0,In-flight meal not included,5177
Indigo,2019-05-12,Kolkata,Banglore,22:15:00,00:50:00,155,0.0,No Info,4804
Multiple Carriers,2019-03-09,Delhi,Cochin,08:00:00,19:15:00,675,1.0,No Info,19332
Indigo,2019-03-06,Delhi,Cochin,09:10:00,21:00:00,710,1.0,No Info,14871
Indigo,2019-06-21,Kolkata,Banglore,21:25:00,00:05:00,160,0.0,No Info,4804
Goair,2019-03-27,Delhi,Cochin,07:00:00,12:50:00,350,1.0,No Info,5281
Jet Airways,2019-06-09,Kolkata,Banglore,06:30:00,16:20:00,590,1.0,In-flight meal not included,10844
Vistara,2019-05-18,Banglore,Delhi,17:00:00,19:35:00,155,0.0,No Info,4878
Spicejet,2019-05-09,Chennai,Kolkata,09:45:00,12:00:00,135,0.0,No Info,3597
Air India,2019-06-09,Delhi,Cochin,19:45:00,19:15:00,1410,2.0,No Info,9968
Multiple Carriers,2019-05-09,Delhi,Cochin,07:05:00,21:00:00,835,1.0,In-flight meal not included,10546
Jet Airways,2019-03-21,Delhi,Cochin,08:00:00,04:25:00,1225,1.0,No Info,12767
Indigo,2019-04-06,Kolkata,Banglore,09:35:00,12:20:00,165,0.0,No Info,4174
Jet Airways,2019-06-18,Banglore,Delhi,07:10:00,10:10:00,180,0.0,No Info,8016
Indigo,2019-04-03,Banglore,Delhi,23:30:00,02:20:00,170,0.0,No Info,4591
Indigo,2019-06-21,Banglore,Delhi,04:00:00,06:50:00,170,0.0,No Info,3943
Vistara,2019-03-09,Banglore,New Delhi,09:50:00,12:35:00,165,0.0,No Info,7240
Spicejet,2019-05-24,Kolkata,Banglore,17:10:00,19:40:00,150,0.0,No check-in baggage included,3841
Vistara,2019-05-12,Kolkata,Banglore,20:20:00,20:20:00,1440,1.0,No Info,8610
Air Asia,2019-05-18,Kolkata,Banglore,10:20:00,12:55:00,155,0.0,No Info,5645
Jet Airways,2019-05-18,Kolkata,Banglore,21:10:00,04:40:00,450,1.0,No Info,13941
Jet Airways,2019-06-03,Delhi,Cochin,18:25:00,12:35:00,1090,2.0,No Info,14237
Jet Airways,2019-05-01,Kolkata,Banglore,20:25:00,21:05:00,1480,1.0,No Info,12121
Air India,2019-03-01,Banglore,New Delhi,11:50:00,23:55:00,725,1.0,Change airports,26092
Indigo,2019-03-09,Banglore,New Delhi,15:40:00,20:35:00,295,1.0,No Info,5226
Jet Airways,2019-03-21,Banglore,New Delhi,07:00:00,15:15:00,495,1.0,In-flight meal not included,7832
Jet Airways,2019-05-09,Delhi,Cochin,13:25:00,12:35:00,1390,2.0,No Info,15129
Indigo,2019-05-27,Delhi,Cochin,17:05:00,22:15:00,310,1.0,No Info,6373
Spicejet,2019-05-18,Delhi,Cochin,15:45:00,22:05:00,380,1.0,No Info,7317
Air India,2019-03-27,Delhi,Cochin,05:10:00,08:00:00,170,0.0,No Info,4729
Jet Airways,2019-05-12,Mumbai,Hyderabad,10:20:00,11:50:00,90,0.0,No Info,5678
Indigo,2019-05-01,Mumbai,Hyderabad,16:55:00,18:25:00,90,0.0,No Info,3175
Jet Airways,2019-03-27,Delhi,Cochin,19:10:00,04:25:00,555,2.0,In-flight meal not included,8456
Jet Airways,2019-03-21,Delhi,Cochin,09:40:00,18:50:00,550,2.0,No Info,11702
Indigo,2019-06-06,Delhi,Cochin,06:40:00,21:00:00,860,1.0,No Info,6093
Indigo,2019-03-21,Banglore,New Delhi,00:40:00,03:25:00,165,0.0,No Info,4944
Spicejet,2019-05-09,Chennai,Kolkata,09:45:00,12:00:00,135,0.0,No check-in baggage included,3543
Vistara,2019-06-27,Banglore,Delhi,19:30:00,22:15:00,165,0.0,No Info,5088
Jet Airways,2019-05-15,Kolkata,Banglore,08:25:00,18:15:00,590,1.0,In-flight meal not included,10844
Jet Airways,2019-05-09,Delhi,Cochin,15:00:00,04:25:00,805,1.0,In-flight meal not included,12373
Indigo,2019-06-27,Delhi,Cochin,16:10:00,22:30:00,380,1.0,No Info,6412
Jet Airways,2019-03-01,Banglore,New Delhi,22:50:00,11:25:00,755,1.0,1 Long layover,31825
Indigo,2019-06-12,Delhi,Cochin,09:15:00,01:30:00,975,1.0,No Info,6628
Multiple Carriers,2019-06-12,Delhi,Cochin,07:05:00,19:15:00,730,1.0,In-flight meal not included,11667
Jet Airways,2019-06-09,Delhi,Cochin,09:25:00,12:35:00,1630,2.0,No Info,13882
Indigo,2019-04-01,Mumbai,Hyderabad,02:35:00,04:05:00,90,0.0,No Info,2754
Air India,2019-03-27,Mumbai,Hyderabad,13:55:00,15:25:00,90,0.0,No Info,2050
Air India,2019-03-12,Banglore,New Delhi,08:50:00,13:55:00,1745,2.0,No Info,13303
Air Asia,2019-05-21,Kolkata,Banglore,19:55:00,23:30:00,215,1.0,No Info,5162
Jet Airways,2019-03-15,Banglore,New Delhi,07:00:00,12:25:00,325,1.0,In-flight meal not included,9134
Indigo,2019-03-01,Kolkata,Banglore,22:10:00,00:55:00,165,0.0,No Info,4778
Air India,2019-06-01,Delhi,Cochin,10:55:00,19:15:00,500,2.0,No Info,13013
Jet Airways,2019-05-06,Kolkata,Banglore,17:00:00,09:45:00,1005,1.0,In-flight meal not included,8066
Spicejet,2019-03-18,Mumbai,Hyderabad,05:45:00,07:05:00,80,0.0,No check-in baggage included,2385
Goair,2019-06-09,Banglore,Delhi,20:55:00,23:40:00,165,0.0,No Info,3898
Jet Airways,2019-06-06,Delhi,Cochin,09:40:00,19:00:00,560,2.0,In-flight meal not included,10368
Air India,2019-03-21,Mumbai,Hyderabad,06:20:00,07:40:00,80,0.0,No Info,3100
Jet Airways,2019-05-06,Kolkata,Banglore,18:55:00,10:05:00,910,1.0,No Info,13584
Spicejet,2019-05-21,Kolkata,Banglore,06:55:00,09:30:00,155,0.0,No check-in baggage included,3841
Indigo,2019-04-06,Kolkata,Banglore,21:25:00,00:05:00,160,0.0,No Info,4174
Air India,2019-05-15,Kolkata,Banglore,19:00:00,11:05:00,965,1.0,No Info,6117
Air India,2019-05-15,Delhi,Cochin,12:00:00,19:15:00,435,2.0,No Info,9601
Goair,2019-03-03,Delhi,Cochin,05:45:00,13:20:00,455,1.0,No Info,5628
Air Asia,2019-06-15,Banglore,Delhi,11:10:00,13:55:00,165,0.0,No Info,3383
Air India,2019-03-01,Delhi,Cochin,09:45:00,08:15:00,1350,1.0,No Info,22798
Air India,2019-06-06,Kolkata,Banglore,07:00:00,20:25:00,805,1.0,No Info,10203
Spicejet,2019-05-12,Kolkata,Banglore,15:05:00,20:20:00,315,1.0,No Info,4649
Indigo,2019-05-09,Kolkata,Banglore,09:20:00,14:15:00,295,1.0,No Info,11465
Jet Airways,2019-05-09,Kolkata,Banglore,20:25:00,23:35:00,1630,1.0,No Info,13067
Air India,2019-05-27,Delhi,Cochin,19:00:00,19:15:00,1455,1.0,No Info,8372
Indigo,2019-03-21,Delhi,Cochin,08:25:00,21:00:00,755,1.0,No Info,8285
Air India,2019-06-24,Delhi,Cochin,16:55:00,19:15:00,1580,2.0,No Info,13381
Multiple Carriers,2019-06-15,Delhi,Cochin,13:00:00,01:30:00,750,1.0,No Info,13377
Jet Airways,2019-06-01,Delhi,Cochin,11:00:00,14:15:00,195,0.0,In-flight meal not included,7202
Jet Airways,2019-03-09,Delhi,Cochin,08:20:00,04:25:00,1205,2.0,No Info,18909
Jet Airways,2019-06-18,Mumbai,Hyderabad,19:35:00,21:05:00,90,0.0,No Info,5678
Jet Airways,2019-05-01,Banglore,Delhi,06:00:00,08:45:00,165,0.0,In-flight meal not included,4030
Air India,2019-05-21,Delhi,Cochin,08:00:00,19:15:00,675,1.0,No Info,8372
Spicejet,2019-03-09,Mumbai,Hyderabad,22:45:00,00:10:00,85,0.0,No Info,3603
Multiple Carriers,2019-05-21,Delhi,Cochin,09:15:00,19:15:00,600,1.0,No Info,8099
Jet Airways,2019-06-06,Delhi,Cochin,15:00:00,04:25:00,805,1.0,In-flight meal not included,10262
Jet Airways,2019-06-09,Banglore,Delhi,18:55:00,22:00:00,185,0.0,In-flight meal not included,7229
Jet Airways,2019-05-09,Kolkata,Banglore,10:20:00,17:35:00,435,1.0,No Info,8355
Air India,2019-03-03,Delhi,Cochin,16:40:00,19:15:00,1595,2.0,No Info,14011
Multiple Carriers,2019-03-27,Delhi,Cochin,13:00:00,01:35:00,755,1.0,No Info,6673
Multiple Carriers,2019-06-24,Delhi,Cochin,07:05:00,16:10:00,545,1.0,No Info,9856
Jet Airways,2019-05-21,Banglore,Delhi,18:55:00,22:00:00,185,0.0,No Info,7229
Goair,2019-06-06,Delhi,Cochin,10:35:00,19:35:00,540,1.0,No Info,4959
Jet Airways,2019-05-09,Kolkata,Banglore,20:25:00,10:55:00,870,1.0,No Info,10953
Air India,2019-03-21,Delhi,Cochin,12:30:00,09:25:00,1255,1.0,No Info,6482
Jet Airways,2019-06-18,Banglore,Delhi,07:10:00,10:10:00,180,0.0,In-flight meal not included,5769
Jet Airways,2019-06-27,Delhi,Cochin,16:00:00,19:00:00,1620,1.0,In-flight meal not included,10262
Indigo,2019-03-09,Banglore,New Delhi,16:50:00,21:35:00,285,1.0,No Info,10231
Indigo,2019-06-06,Delhi,Cochin,10:35:00,01:30:00,895,1.0,No Info,5883
Jet Airways,2019-04-12,Banglore,Delhi,07:10:00,10:10:00,180,0.0,In-flight meal not included,5198
Jet Airways,2019-06-03,Delhi,Cochin,21:25:00,12:35:00,910,2.0,In-flight meal not included,11507
Jet Airways,2019-03-12,Banglore,New Delhi,20:35:00,10:45:00,850,1.0,In-flight meal not included,11087
Air India,2019-04-15,Banglore,Delhi,13:20:00,16:10:00,170,0.0,No Info,5228
Vistara,2019-03-03,Banglore,New Delhi,07:00:00,09:40:00,160,0.0,No Info,8028
Jet Airways,2019-05-09,Delhi,Cochin,05:30:00,04:25:00,1375,2.0,In-flight meal not included,13029
Multiple Carriers,2019-05-15,Delhi,Cochin,16:00:00,01:30:00,570,1.0,No Info,13727
Jet Airways,2019-03-18,Banglore,New Delhi,11:40:00,09:00:00,1280,1.0,In-flight meal not included,11087
Air Asia,2019-03-24,Banglore,New Delhi,05:50:00,08:40:00,170,0.0,No Info,3383
Multiple Carriers,2019-05-18,Delhi,Cochin,09:00:00,21:00:00,720,1.0,No Info,13727
Indigo,2019-04-01,Mumbai,Hyderabad,20:05:00,21:40:00,95,0.0,No Info,2227
Jet Airways,2019-05-01,Mumbai,Hyderabad,10:20:00,11:50:00,90,0.0,No Info,8040
Vistara,2019-03-18,Banglore,New Delhi,19:40:00,22:20:00,160,0.0,No Info,12123
Multiple Carriers,2019-05-27,Delhi,Cochin,08:45:00,21:00:00,735,1.0,No Info,7740
Spicejet,2019-06-12,Kolkata,Banglore,15:55:00,21:25:00,330,1.0,No Info,8224
Air India,2019-03-15,Banglore,New Delhi,09:30:00,16:20:00,410,1.0,No Info,8714
Jet Airways,2019-03-06,Banglore,New Delhi,08:55:00,05:05:00,1210,1.0,No Info,16736
Jet Airways,2019-03-09,Delhi,Cochin,15:05:00,04:25:00,800,1.0,In-flight meal not included,14053
Jet Airways,2019-06-01,Delhi,Cochin,19:45:00,04:25:00,520,1.0,No Info,14714
Indigo,2019-05-09,Kolkata,Banglore,21:00:00,02:15:00,315,1.0,No Info,7605
Indigo,2019-04-09,Kolkata,Banglore,15:15:00,17:45:00,150,0.0,No Info,4174
Jet Airways,2019-05-12,Kolkata,Banglore,06:30:00,16:20:00,590,1.0,No Info,14781
Vistara,2019-05-24,Kolkata,Banglore,20:20:00,22:40:00,1580,1.0,No Info,8452
Jet Airways,2019-04-09,Banglore,Delhi,06:00:00,08:45:00,165,0.0,In-flight meal not included,4544
Multiple Carriers,2019-05-18,Delhi,Cochin,09:45:00,16:10:00,385,1.0,No Info,9646
Spicejet,2019-06-27,Chennai,Kolkata,17:45:00,20:05:00,140,0.0,No check-in baggage included,3543
Jet Airways,2019-06-12,Kolkata,Banglore,18:55:00,16:20:00,1285,1.0,No Info,13044
Vistara,2019-06-24,Banglore,Delhi,21:00:00,23:50:00,170,0.0,No Info,4668
Air India,2019-04-01,Banglore,Delhi,06:10:00,08:55:00,165,0.0,No Info,5176
Jet Airways,2019-06-06,Banglore,Delhi,17:45:00,20:45:00,180,0.0,No Info,8016
Spicejet,2019-04-18,Kolkata,Banglore,22:20:00,00:40:00,140,0.0,No Info,4174
Multiple Carriers,2019-03-09,Delhi,Cochin,07:30:00,19:45:00,735,1.0,No Info,12615
Spicejet,2019-04-21,Delhi,Cochin,06:05:00,11:20:00,315,1.0,No Info,5583
Spicejet,2019-03-12,Chennai,Kolkata,08:20:00,10:35:00,135,0.0,No Info,6300
Indigo,2019-06-21,Delhi,Cochin,21:05:00,00:20:00,195,0.0,No Info,5406
Indigo,2019-03-06,Chennai,Kolkata,05:15:00,07:35:00,140,0.0,No Info,6482
Air India,2019-06-06,Delhi,Cochin,06:05:00,09:25:00,1640,1.0,No Info,7952
Air India,2019-05-06,Kolkata,Banglore,12:00:00,18:30:00,1830,2.0,No Info,10151
Air Asia,2019-04-27,Banglore,Delhi,23:55:00,02:45:00,170,0.0,No Info,3383
Spicejet,2019-03-24,Kolkata,Banglore,22:20:00,00:40:00,140,0.0,No check-in baggage included,5725
Indigo,2019-06-12,Kolkata,Banglore,06:20:00,10:20:00,240,1.0,No Info,4226
Multiple Carriers,2019-03-03,Delhi,Cochin,11:35:00,21:00:00,565,3.0,No Info,21829
Jet Airways,2019-06-01,Delhi,Cochin,14:00:00,04:25:00,865,1.0,No Info,14714
Jet Airways,2019-05-24,Kolkata,Banglore,21:10:00,09:20:00,730,1.0,In-flight meal not included,9663
Indigo,2019-06-03,Delhi,Cochin,07:35:00,12:10:00,275,1.0,No Info,6069
Vistara,2019-05-27,Banglore,Delhi,21:00:00,23:50:00,170,0.0,No Info,4668
Vistara,2019-05-15,Kolkata,Banglore,07:10:00,20:20:00,790,1.0,No Info,8610
Indigo,2019-03-09,Kolkata,Banglore,09:35:00,12:20:00,165,0.0,No Info,4148
Indigo,2019-05-24,Banglore,Delhi,13:00:00,15:50:00,170,0.0,No Info,4990
Indigo,2019-03-09,Kolkata,Banglore,17:15:00,19:55:00,160,0.0,No Info,4778
Multiple Carriers,2019-06-01,Delhi,Cochin,13:15:00,22:30:00,555,1.0,No Info,9646
Air Asia,2019-06-12,Kolkata,Banglore,10:20:00,12:55:00,155,0.0,No Info,3807
Air India,2019-05-15,Kolkata,Banglore,20:30:00,20:25:00,1435,1.0,No Info,10203
Jet Airways,2019-06-03,Delhi,Cochin,11:30:00,19:00:00,450,1.0,In-flight meal not included,10262
Multiple Carriers,2019-03-27,Delhi,Cochin,07:10:00,22:20:00,910,1.0,No Info,6145
Indigo,2019-03-18,Kolkata,Banglore,15:10:00,17:45:00,155,0.0,No Info,4462
Air India,2019-03-21,Delhi,Cochin,06:05:00,09:25:00,1640,1.0,No Info,7532
Spicejet,2019-06-27,Kolkata,Banglore,22:20:00,00:40:00,140,0.0,No Info,3873
Jet Airways,2019-05-01,Kolkata,Banglore,14:05:00,08:15:00,1090,1.0,No Info,13941
Jet Airways,2019-03-01,Banglore,New Delhi,22:50:00,21:20:00,1350,1.0,No Info,25735
Air India,2019-03-01,Banglore,New Delhi,22:00:00,13:20:00,920,1.0,No Info,21130
Multiple Carriers,2019-05-27,Delhi,Cochin,18:15:00,01:30:00,435,1.0,No Info,13377
Jet Airways,2019-06-12,Banglore,Delhi,06:00:00,08:45:00,165,0.0,No Info,8016
Jet Airways,2019-03-12,Banglore,New Delhi,21:25:00,11:25:00,840,1.0,No Info,13817
Indigo,2019-03-03,Mumbai,Hyderabad,16:55:00,18:25:00,90,0.0,No Info,6795
Multiple Carriers,2019-05-21,Delhi,Cochin,10:20:00,01:30:00,910,1.0,No Info,7485
Jet Airways,2019-05-06,Kolkata,Banglore,17:00:00,10:55:00,1075,1.0,No Info,13067
Spicejet,2019-03-27,Mumbai,Hyderabad,13:10:00,14:30:00,80,0.0,No Info,2017
Jet Airways,2019-05-03,Banglore,Delhi,08:20:00,11:20:00,180,0.0,In-flight meal not included,5198
Air India,2019-04-01,Kolkata,Banglore,14:15:00,16:45:00,150,0.0,No Info,6245
Spicejet,2019-04-15,Delhi,Cochin,15:45:00,22:05:00,380,1.0,No Info,5899
Jet Airways,2019-03-03,Delhi,Cochin,05:40:00,04:25:00,1365,2.0,No Info,19266
Jet Airways,2019-03-24,Kolkata,Banglore,21:10:00,08:10:00,660,1.0,In-flight meal not included,11134
Air India,2019-06-01,Delhi,Cochin,13:30:00,23:00:00,570,1.0,No Info,8907
Indigo,2019-04-21,Kolkata,Banglore,15:15:00,17:45:00,150,0.0,No Info,5224
Spicejet,2019-05-01,Kolkata,Banglore,09:00:00,11:25:00,145,0.0,No check-in baggage included,3841
Jet Airways,2019-06-09,Kolkata,Banglore,06:30:00,16:20:00,590,1.0,No Info,14571
Goair,2019-05-27,Delhi,Cochin,07:25:00,13:35:00,370,1.0,No Info,6841
Air India,2019-03-24,Kolkata,Banglore,12:00:00,13:40:00,1540,1.0,No Info,7742
Jet Airways,2019-06-24,Delhi,Cochin,19:10:00,19:00:00,1430,2.0,No Info,12819
Jet Airways,2019-05-09,Kolkata,Banglore,21:10:00,04:40:00,450,1.0,In-flight meal not included,9663
Multiple Carriers,2019-06-24,Delhi,Cochin,15:05:00,01:30:00,625,2.0,No Info,15965
Jet Airways,2019-06-06,Kolkata,Banglore,20:00:00,18:15:00,1335,1.0,In-flight meal not included,10844
Multiple Carriers,2019-03-21,Delhi,Cochin,13:15:00,21:20:00,485,2.0,No Info,6653
Air India,2019-05-24,Kolkata,Banglore,09:25:00,13:45:00,1700,2.0,No Info,12802
Jet Airways,2019-06-09,Delhi,Cochin,11:30:00,04:25:00,1015,1.0,In-flight meal not included,10262
Jet Airways,2019-03-27,Delhi,Cochin,20:50:00,04:25:00,455,1.0,No Info,12242
Air India,2019-03-03,Banglore,New Delhi,05:50:00,22:10:00,2420,2.0,No Info,11791
Jet Airways,2019-03-01,Banglore,New Delhi,05:45:00,11:25:00,340,1.0,Business class,79512
Multiple Carriers,2019-06-27,Delhi,Cochin,06:00:00,19:00:00,780,1.0,In-flight meal not included,10791
Air India,2019-05-24,Kolkata,Banglore,05:50:00,23:15:00,1045,2.0,No Info,12723
Air Asia,2019-05-01,Banglore,Delhi,04:55:00,07:45:00,170,0.0,No Info,4282
Indigo,2019-05-21,Banglore,Delhi,18:25:00,21:20:00,175,0.0,No Info,4823
Indigo,2019-06-03,Delhi,Cochin,17:05:00,22:25:00,320,1.0,No Info,6493
Jet Airways,2019-05-15,Kolkata,Banglore,18:55:00,16:20:00,1285,1.0,In-flight meal not included,10844
Indigo,2019-06-03,Delhi,Cochin,23:30:00,04:35:00,305,1.0,No Info,11378
Jet Airways,2019-05-18,Kolkata,Banglore,17:00:00,14:25:00,1285,1.0,No Info,13067
Jet Airways,2019-05-09,Kolkata,Banglore,14:05:00,23:35:00,570,1.0,In-flight meal not included,10844
Jet Airways,2019-06-18,Banglore,Delhi,15:50:00,18:45:00,175,0.0,No Info,8016
Jet Airways,2019-06-15,Delhi,Cochin,21:50:00,12:35:00,885,1.0,In-flight meal not included,10262
Jet Airways,2019-05-09,Kolkata,Banglore,14:05:00,10:05:00,1200,1.0,In-flight meal not included,7757
Air India,2019-06-15,Delhi,Cochin,13:30:00,23:00:00,570,1.0,No Info,8907
Air India,2019-06-27,Delhi,Cochin,10:55:00,19:15:00,500,2.0,No Info,11753
Jet Airways,2019-03-06,Banglore,New Delhi,07:00:00,12:25:00,325,1.0,No Info,22270
Indigo,2019-03-27,Delhi,Cochin,04:55:00,21:20:00,985,2.0,No Info,6223
Jet Airways,2019-06-03,Banglore,Delhi,08:20:00,11:20:00,180,0.0,In-flight meal not included,5769
Multiple Carriers,2019-03-03,Delhi,Cochin,09:45:00,16:10:00,385,1.0,No Info,11265
Indigo,2019-05-09,Mumbai,Hyderabad,16:55:00,18:25:00,90,0.0,No Info,4784
Jet Airways,2019-04-18,Banglore,Delhi,17:45:00,20:45:00,180,0.0,No Info,7229
Indigo,2019-06-27,Mumbai,Hyderabad,20:05:00,21:40:00,95,0.0,No Info,2227
Multiple Carriers,2019-06-15,Delhi,Cochin,06:00:00,21:00:00,900,1.0,No Info,7005
Air India,2019-03-21,Banglore,New Delhi,22:00:00,10:50:00,770,1.0,No Info,6955
Jet Airways,2019-05-01,Kolkata,Banglore,16:30:00,23:35:00,425,1.0,No Info,14781
Multiple Carriers,2019-06-12,Delhi,Cochin,07:30:00,19:15:00,705,1.0,No Info,7354
Indigo,2019-05-15,Delhi,Cochin,06:50:00,22:30:00,940,1.0,No Info,6442
Jet Airways,2019-04-01,Kolkata,Banglore,16:30:00,20:45:00,1695,1.0,In-flight meal not included,7064
Air India,2019-06-15,Delhi,Cochin,20:40:00,09:25:00,765,1.0,No Info,7480
Air India,2019-04-24,Delhi,Cochin,05:10:00,08:00:00,170,0.0,No Info,5201
Indigo,2019-04-06,Kolkata,Banglore,15:30:00,18:05:00,155,0.0,No Info,4174
Spicejet,2019-04-01,Mumbai,Hyderabad,05:45:00,07:15:00,90,0.0,No check-in baggage included,1965
Multiple Carriers,2019-03-21,Delhi,Cochin,09:45:00,16:10:00,385,1.0,No Info,7242
Vistara,2019-04-01,Banglore,Delhi,19:30:00,22:15:00,165,0.0,No Info,5613
Jet Airways,2019-06-06,Kolkata,Banglore,17:00:00,10:55:00,1075,1.0,In-flight meal not included,10539
Jet Airways,2019-03-06,Banglore,New Delhi,20:35:00,10:25:00,830,1.0,No Info,17261
Jet Airways,2019-06-12,Delhi,Cochin,14:00:00,19:00:00,300,1.0,In-flight meal not included,10262
Air India,2019-04-12,Kolkata,Banglore,20:45:00,23:20:00,155,0.0,No Info,4460
Jet Airways,2019-05-06,Mumbai,Hyderabad,02:55:00,04:20:00,85,0.0,In-flight meal not included,3210
Indigo,2019-04-06,Kolkata,Banglore,04:40:00,07:15:00,155,0.0,No Info,4174
Jet Airways,2019-03-06,Banglore,New Delhi,20:35:00,19:10:00,1355,1.0,No Info,17471
Jet Airways,2019-03-18,Banglore,New Delhi,16:55:00,07:40:00,885,1.0,No Info,13555
Air India,2019-03-03,Delhi,Cochin,09:45:00,09:25:00,1420,2.0,No Info,12760
Air India,2019-05-21,Delhi,Cochin,05:00:00,07:40:00,1600,2.0,No Info,11806
Air India,2019-03-15,Banglore,New Delhi,08:15:00,22:55:00,880,2.0,No Info,7904
Air Asia,2019-03-09,Kolkata,Banglore,22:50:00,01:20:00,150,0.0,No Info,4384
Air Asia,2019-04-24,Banglore,Delhi,11:10:00,13:55:00,165,0.0,No Info,3383
Indigo,2019-06-01,Delhi,Cochin,17:05:00,22:25:00,320,1.0,No Info,7060
Multiple Carriers,2019-05-18,Delhi,Cochin,19:00:00,01:30:00,390,1.0,No Info,8283
Jet Airways,2019-05-01,Kolkata,Banglore,20:00:00,04:40:00,520,1.0,In-flight meal not included,8586
Indigo,2019-06-27,Delhi,Cochin,23:30:00,04:35:00,305,1.0,No Info,9165
Jet Airways,2019-05-15,Kolkata,Banglore,09:35:00,19:10:00,575,1.0,No Info,13067
Indigo,2019-04-27,Delhi,Cochin,16:00:00,21:00:00,300,1.0,No Info,6937
Jet Airways,2019-05-21,Delhi,Cochin,19:10:00,19:00:00,1430,2.0,No Info,15129
Jet Airways,2019-05-09,Mumbai,Hyderabad,07:05:00,08:30:00,85,0.0,In-flight meal not included,4995
Air India,2019-05-24,Delhi,Cochin,09:45:00,09:25:00,1420,1.0,No Info,7480
Indigo,2019-06-09,Kolkata,Banglore,20:20:00,22:55:00,155,0.0,No Info,4804
Indigo,2019-03-15,Banglore,New Delhi,18:25:00,21:20:00,175,0.0,No Info,8855
Jet Airways,2019-05-12,Banglore,Delhi,08:20:00,11:20:00,180,0.0,In-flight meal not included,6144
Air Asia,2019-06-24,Delhi,Cochin,16:45:00,22:25:00,340,1.0,No Info,6752
Jet Airways,2019-05-21,Kolkata,Banglore,18:55:00,04:40:00,585,1.0,No Info,14388
Spicejet,2019-06-24,Kolkata,Banglore,17:10:00,19:40:00,150,0.0,No check-in baggage included,3841
Multiple Carriers,2019-04-09,Delhi,Cochin,08:30:00,19:00:00,630,1.0,No Info,10877
Spicejet,2019-03-27,Kolkata,Banglore,22:20:00,00:40:00,140,0.0,No Info,3847
Indigo,2019-06-24,Chennai,Kolkata,07:55:00,10:15:00,140,0.0,No Info,3850
Jet Airways,2019-06-27,Banglore,Delhi,17:45:00,20:45:00,180,0.0,No Info,8016
Air Asia,2019-03-06,Delhi,Cochin,16:45:00,07:10:00,865,1.0,No Info,8627
Jet Airways,2019-05-27,Delhi,Cochin,18:15:00,19:00:00,1485,1.0,No Info,16079
Spicejet,2019-06-01,Kolkata,Banglore,09:00:00,11:25:00,145,0.0,No Info,4174
Indigo,2019-04-01,Mumbai,Hyderabad,09:10:00,10:40:00,90,0.0,No Info,3342
Jet Airways,2019-03-09,Banglore,New Delhi,18:20:00,21:00:00,160,0.0,No Info,8016
Jet Airways,2019-03-24,Mumbai,Hyderabad,19:35:00,21:05:00,90,0.0,No Info,5678
Jet Airways,2019-06-24,Mumbai,Hyderabad,19:35:00,21:05:00,90,0.0,In-flight meal not included,3210
Multiple Carriers,2019-06-15,Delhi,Cochin,14:00:00,21:00:00,420,1.0,No Info,13587
Goair,2019-04-06,Delhi,Cochin,10:35:00,19:35:00,540,1.0,No Info,5135
Goair,2019-03-24,Kolkata,Banglore,06:35:00,14:25:00,470,1.0,No Info,4773
Air India,2019-06-06,Kolkata,Banglore,05:50:00,12:30:00,1840,2.0,No Info,12723
Indigo,2019-05-01,Kolkata,Banglore,19:20:00,23:45:00,265,1.0,No Info,3809
Spicejet,2019-03-27,Kolkata,Banglore,09:00:00,11:30:00,150,0.0,No check-in baggage included,3815
Air India,2019-06-01,Delhi,Cochin,12:30:00,09:25:00,1255,1.0,No Info,7480
Jet Airways,2019-05-01,Kolkata,Banglore,09:35:00,19:10:00,575,1.0,No Info,11467
Indigo,2019-06-15,Delhi,Cochin,07:15:00,12:30:00,315,1.0,No Info,6582
Indigo,2019-06-15,Delhi,Cochin,06:40:00,21:00:00,860,1.0,No Info,6093
Indigo,2019-06-01,Delhi,Cochin,07:30:00,21:00:00,810,1.0,No Info,6416
Jet Airways,2019-05-27,Delhi,Cochin,13:25:00,19:00:00,1775,2.0,No Info,15129
Indigo,2019-04-09,Delhi,Cochin,16:00:00,01:30:00,570,1.0,No Info,6573
Jet Airways,2019-04-03,Mumbai,Hyderabad,07:05:00,08:30:00,85,0.0,No Info,8040
Indigo,2019-05-21,Kolkata,Banglore,17:35:00,22:15:00,280,1.0,No Info,5386
Indigo,2019-05-18,Banglore,Delhi,13:00:00,15:50:00,170,0.0,No Info,4423
Jet Airways,2019-06-06,Delhi,Cochin,15:00:00,19:00:00,1680,1.0,In-flight meal not included,10262
Multiple Carriers,2019-06-12,Delhi,Cochin,10:20:00,19:00:00,520,1.0,No Info,11789
Air India,2019-05-18,Delhi,Cochin,13:15:00,09:25:00,1210,2.0,No Info,11307
Air India,2019-05-21,Banglore,Delhi,05:45:00,08:45:00,180,0.0,No Info,6961
Air India,2019-03-09,Delhi,Cochin,06:10:00,23:00:00,1010,1.0,No Info,9064
Vistara,2019-05-27,Delhi,Cochin,06:00:00,09:10:00,190,0.0,No Info,6216
Air Asia,2019-05-21,Banglore,Delhi,11:10:00,13:55:00,165,0.0,No Info,3383
Multiple Carriers,2019-06-03,Delhi,Cochin,06:40:00,19:00:00,740,1.0,No Info,10877
Spicejet,2019-06-15,Mumbai,Hyderabad,05:45:00,07:15:00,90,0.0,No check-in baggage included,2647
Jet Airways,2019-06-12,Kolkata,Banglore,17:00:00,18:00:00,1500,1.0,No Info,12692
Jet Airways,2019-05-09,Kolkata,Banglore,09:35:00,09:45:00,1450,1.0,No Info,12121
Indigo,2019-06-09,Chennai,Kolkata,11:35:00,14:00:00,145,0.0,No Info,3858
Indigo,2019-05-18,Delhi,Cochin,11:25:00,21:00:00,575,1.0,No Info,7191
Jet Airways,2019-03-03,Delhi,Cochin,05:25:00,04:25:00,2820,2.0,No Info,20064
Air Asia,2019-06-01,Delhi,Cochin,20:45:00,07:10:00,625,1.0,No Info,11410
Indigo,2019-03-18,Banglore,New Delhi,22:20:00,01:10:00,170,0.0,No Info,4545
Jet Airways,2019-05-15,Kolkata,Banglore,21:10:00,19:50:00,1360,1.0,In-flight meal not included,10844
Vistara,2019-05-12,Kolkata,Banglore,17:00:00,10:45:00,1065,1.0,No Info,9922
Multiple Carriers,2019-05-09,Delhi,Cochin,10:20:00,01:30:00,910,1.0,No Info,9021
Jet Airways,2019-03-24,Kolkata,Banglore,06:30:00,04:45:00,1335,1.0,In-flight meal not included,10031
Indigo,2019-05-09,Banglore,Delhi,06:05:00,08:50:00,165,0.0,No Info,4077
Spicejet,2019-06-27,Kolkata,Banglore,17:10:00,19:40:00,150,0.0,No check-in baggage included,3841
Jet Airways,2019-04-12,Banglore,Delhi,11:10:00,14:05:00,175,0.0,No Info,7229
Indigo,2019-05-18,Chennai,Kolkata,19:35:00,21:55:00,140,0.0,No Info,3597
Vistara,2019-05-27,Banglore,Delhi,17:00:00,19:35:00,155,0.0,No Info,4878
Multiple Carriers,2019-06-06,Delhi,Cochin,04:55:00,19:00:00,845,1.0,No Info,10678
Multiple Carriers,2019-05-27,Delhi,Cochin,08:00:00,19:00:00,660,1.0,No Info,10407
Indigo,2019-05-24,Banglore,Delhi,21:15:00,00:15:00,180,0.0,No Info,3943
Indigo,2019-03-01,Banglore,New Delhi,13:00:00,15:50:00,170,0.0,No Info,19685
Indigo,2019-05-06,Mumbai,Hyderabad,09:10:00,10:40:00,90,0.0,No Info,4049
Jet Airways,2019-05-27,Delhi,Cochin,02:15:00,19:00:00,1005,1.0,In-flight meal not included,12898
Jet Airways,2019-06-27,Delhi,Cochin,08:10:00,12:35:00,1705,2.0,No Info,14300
Spicejet,2019-05-24,Kolkata,Banglore,22:20:00,00:40:00,140,0.0,No check-in baggage included,3841
Indigo,2019-03-24,Banglore,New Delhi,18:25:00,21:20:00,175,0.0,No Info,7303
Jet Airways,2019-03-18,Mumbai,Hyderabad,19:35:00,21:05:00,90,0.0,In-flight meal not included,2071
Spicejet,2019-06-21,Kolkata,Banglore,06:55:00,09:30:00,155,0.0,No Info,3873
Air India,2019-03-01,Banglore,New Delhi,00:30:00,23:55:00,1405,1.0,1 Long layover,12599
Multiple Carriers,2019-06-09,Delhi,Cochin,11:35:00,01:30:00,835,3.0,No Info,15419
Jet Airways,2019-06-12,Banglore,Delhi,08:20:00,11:20:00,180,0.0,No Info,8016
Jet Airways,2019-05-15,Kolkata,Banglore,09:35:00,19:10:00,575,1.0,In-flight meal not included,12384
Jet Airways,2019-05-01,Kolkata,Banglore,16:30:00,08:15:00,945,1.0,In-flight meal not included,8586
Air India,2019-03-21,Delhi,Cochin,20:30:00,23:00:00,1590,1.0,No Info,5704
Jet Airways,2019-05-21,Kolkata,Banglore,20:00:00,16:20:00,1220,1.0,In-flight meal not included,10844
Multiple Carriers,2019-06-12,Delhi,Cochin,08:00:00,19:00:00,660,1.0,No Info,12192
Jet Airways,2019-05-18,Kolkata,Banglore,09:35:00,19:10:00,575,1.0,In-flight meal not included,12384
Vistara,2019-05-09,Kolkata,Banglore,20:20:00,10:45:00,865,1.0,No Info,8452
Jet Airways,2019-05-27,Delhi,Cochin,19:10:00,12:35:00,1045,2.0,No Info,15129
Jet Airways,2019-05-06,Kolkata,Banglore,21:10:00,10:05:00,775,1.0,In-flight meal not included,7757
Indigo,2019-03-18,Kolkata,Banglore,20:25:00,23:05:00,160,0.0,No Info,4462
Jet Airways,2019-03-12,Banglore,New Delhi,18:55:00,07:40:00,765,1.0,No Info,13817
Indigo,2019-04-09,Banglore,Delhi,16:55:00,19:55:00,180,0.0,No Info,4823
Vistara,2019-03-03,Delhi,Cochin,06:00:00,09:10:00,190,0.0,No Info,8001
Air India,2019-05-24,Delhi,Cochin,14:10:00,17:10:00,180,0.0,No Info,6934
Spicejet,2019-06-06,Delhi,Cochin,06:05:00,11:20:00,315,1.0,No Info,5583
Jet Airways,2019-05-18,Delhi,Cochin,15:00:00,12:35:00,1295,1.0,In-flight meal not included,12373
Indigo,2019-06-01,Chennai,Kolkata,15:40:00,18:25:00,165,0.0,No Info,3540
Multiple Carriers,2019-06-12,Delhi,Cochin,12:50:00,01:30:00,760,1.0,No Info,6795
Jet Airways,2019-06-15,Delhi,Cochin,06:45:00,04:25:00,1300,2.0,In-flight meal not included,10919
Indigo,2019-03-21,Delhi,Cochin,14:30:00,17:35:00,185,0.0,No Info,5406
Air India,2019-06-12,Delhi,Cochin,05:10:00,08:00:00,170,0.0,No Info,5201
Multiple Carriers,2019-03-09,Delhi,Cochin,08:40:00,21:00:00,740,1.0,No Info,18228
Jet Airways,2019-06-01,Delhi,Cochin,18:15:00,19:00:00,1485,1.0,No Info,14714
Jet Airways,2019-06-09,Delhi,Cochin,14:00:00,04:25:00,865,1.0,In-flight meal not included,10262
Indigo,2019-06-09,Delhi,Cochin,15:00:00,01:30:00,630,1.0,No Info,6316
Goair,2019-05-27,Delhi,Cochin,07:00:00,12:55:00,355,1.0,No Info,5752
Jet Airways,2019-05-01,Kolkata,Banglore,14:05:00,10:05:00,1200,1.0,No Info,13941
Indigo,2019-05-15,Mumbai,Hyderabad,16:55:00,18:25:00,90,0.0,No Info,3175
Air India,2019-05-09,Delhi,Cochin,13:15:00,09:25:00,1210,2.0,No Info,9417
Indigo,2019-03-06,Delhi,Cochin,02:00:00,07:45:00,345,1.0,No Info,8025
Air India,2019-03-24,Kolkata,Banglore,05:50:00,13:40:00,470,2.0,No Info,8005
